-- common
delete from role;
insert into role (id, name) values (1, 'author');
insert into role (id, name) values (2, 'instructor');
insert into role (id, name) values (3, 'learner');
delete from status;
insert into status (id, name) values (1, 'active');
insert into status (id, name) values (2, 'inactive');

-- authoring tool
delete from complexity;
insert into complexity (id, level, description) values (1, 1, 'easy');
insert into complexity (id, level, description) values (2, 2, 'medium');
insert into complexity (id, level, description) values (3, 3, 'difficult');
insert into complexity (id, level, description) values (4, 4, 'more difficult');
insert into complexity (id, level, description) values (5, 5, 'most difficult');
delete from learning_object_link_type;
insert into learning_object_link_type (id, name) values (1, 'semantic');
insert into learning_object_link_type (id, name) values (2, 'by reference');
delete from learning_object_type;
insert into learning_object_type (id, name) values (1, 'content lesson');
insert into learning_object_type (id, name) values (2, 'test question');
insert into learning_object_type (id, name) values (3, 'mandatory test question');
insert into learning_object_type (id, name) values (4, 'task project');
insert into learning_object_type (id, name) values (5, 'task essay');
delete from learning_object_subtype;
insert into learning_object_subtype (id, name, type_id) values (1, 'one of many', 2);
insert into learning_object_subtype (id, name, type_id) values (2, 'many of many', 2);
insert into learning_object_subtype (id, name, type_id) values (3, 'one of many', 3);
insert into learning_object_subtype (id, name, type_id) values (4, 'many of many', 3);
delete from lom_definition;
insert into lom_definition (id, name, type) values (1,'General.Identifier.Catalog', 'string');
insert into lom_definition (id, name, type) values (2,'General.Identifier.Entry', 'string');
insert into lom_definition (id, name, type) values (3,'General.Title', 'string');
insert into lom_definition (id, name, type) values (4,'General.Language', 'string');
insert into lom_definition (id, name, type) values (5,'General.Description', 'string');
insert into lom_definition (id, name, type) values (6,'General.Keyword', 'string');
insert into lom_definition (id, name, type) values (7,'General.Coverage', 'string');
insert into lom_definition (id, name, type) values (8,'Life Cycle.Version', 'string');
insert into lom_definition (id, name, type) values (9,'Life Cycle.Status', 'string');
insert into lom_definition (id, name, type) values (10,'Life Cycle.Contribute', 'string');
insert into lom_definition (id, name, type) values (11,'Life Cycle.Contribute.Date.DateTime', 'string');
insert into lom_definition (id, name, type) values (12,'Life Cycle.Contribute.Date.Description', 'string');
insert into lom_definition (id, name, type) values (13,'Meta-Metadata.Metadata', 'string');
insert into lom_definition (id, name, type) values (14,'Technical.Format', 'string');
insert into lom_definition (id, name, type) values (15,'Technical.Size', 'string');
insert into lom_definition (id, name, type) values (16,'Technical.Location', 'string');
insert into lom_definition (id, name, type) values (17,'Technical.Remarks', 'string');
insert into lom_definition (id, name, type) values (18,'Educational.Interactivity Type', 'string');
insert into lom_definition (id, name, type) values (19,'Educational.Learning Resource Type', 'string');
insert into lom_definition (id, name, type) values (20,'Educational.Interactivity Level', 'string');
insert into lom_definition (id, name, type) values (21,'Educational.Semantic Density', 'string');
insert into lom_definition (id, name, type) values (22,'Educational.Intended End User Role', 'string');
insert into lom_definition (id, name, type) values (23,'Educational.Context', 'string');
insert into lom_definition (id, name, type) values (24,'Educational.Typical Age Range', 'string');
insert into lom_definition (id, name, type) values (25,'Educational.Difficulty', 'string');
insert into lom_definition (id, name, type) values (26,'Educational.Typical Learning Time', 'string');
insert into lom_definition (id, name, type) values (27,'Educational.Description', 'string');
insert into lom_definition (id, name, type) values (28,'Educational.Language', 'string');
insert into lom_definition (id, name, type) values (29,'Rights.Description', 'string');
insert into lom_definition (id, name, type) values (30,'Relation.Kind', 'string');
insert into lom_definition (id, name, type) values (31,'Relation.Resource.Identifier.Catalog', 'string');
insert into lom_definition (id, name, type) values (32,'Relation.Resource.Identifier.Entry', 'string');
insert into lom_definition (id, name, type) values (33,'Relation.Resource.Description', 'string');
insert into lom_definition (id, name, type) values (34,'Annotation.Date.DateTime', 'string');
insert into lom_definition (id, name, type) values (35,'Annotation.Date.Description', 'string');
insert into lom_definition (id, name, type) values (36,'Annotation.Description', 'string');
insert into lom_definition (id, name, type) values (37,'Classification.Purpose', 'string');

delete from ontology_metadata_definition;
insert into ontology_metadata_definition (id, name, type) values (1,'Description', 'string');
insert into ontology_metadata_definition (id, name, type) values (2,'Reference', 'string');
insert into ontology_metadata_definition (id, name, type) values (3,'Notes', 'string');
insert into ontology_metadata_definition (id, name, type) values (4,'NaturalLanguage', 'string');
insert into ontology_metadata_definition (id, name, type) values (5,'Keywords', 'string');
insert into ontology_metadata_definition (id, name, type) values (6,'Status', 'string');
insert into ontology_metadata_definition (id, name, type) values (7,'KnownUsage', 'string');
insert into ontology_metadata_definition (id, name, type) values (8,'Version', 'string');
insert into ontology_metadata_definition (id, name, type) values (9,'SubDomain', 'string');
insert into ontology_metadata_definition (id, name, type) values (10,'DomainName', 'string');
insert into ontology_metadata_definition (id, name, type) values (11,'NameLicenseModel', 'string');
insert into ontology_metadata_definition (id, name, type) values (12,'DescriptionLicenseModel', 'string');
insert into ontology_metadata_definition (id, name, type) values (13,'TaskName', 'string');
insert into ontology_metadata_definition (id, name, type) values (14,'DescriptionTaskName', 'string');
insert into ontology_metadata_definition (id, name, type) values (15,'NameOrganisation', 'string');

delete from resource_type;
insert into resource_type (id, name) values (1, 'text');
insert into resource_type (id, name) values (2, 'rich text');
insert into resource_type (id, name) values (3, 'image');
insert into resource_type (id, name) values (4, 'audio');
insert into resource_type (id, name) values (5, 'video');

delete from lom_predefined_value;
insert into lom_predefined_value (id, value, lom_definition_id) values (1,'Draft', 9);
insert into lom_predefined_value (id, value, lom_definition_id) values (2,'Final', 9);
insert into lom_predefined_value (id, value, lom_definition_id) values (3,'Revised', 9);
insert into lom_predefined_value (id, value, lom_definition_id) values (4,'Unavailable', 9);
insert into lom_predefined_value (id, value, lom_definition_id) values (5,'active', 18);
insert into lom_predefined_value (id, value, lom_definition_id) values (6,'expositive', 18);
insert into lom_predefined_value (id, value, lom_definition_id) values (7,'mixed', 18);
insert into lom_predefined_value (id, value, lom_definition_id) values (8,'exercise', 19);
insert into lom_predefined_value (id, value, lom_definition_id) values (9,'simulation', 19);
insert into lom_predefined_value (id, value, lom_definition_id) values (10,'questionnaire', 19);
insert into lom_predefined_value (id, value, lom_definition_id) values (11,'diagram', 19);
insert into lom_predefined_value (id, value, lom_definition_id) values (12,'figure', 19);
insert into lom_predefined_value (id, value, lom_definition_id) values (13,'graph', 19);
insert into lom_predefined_value (id, value, lom_definition_id) values (14,'index', 19);
insert into lom_predefined_value (id, value, lom_definition_id) values (15,'slide', 19);
insert into lom_predefined_value (id, value, lom_definition_id) values (16,'table', 19);
insert into lom_predefined_value (id, value, lom_definition_id) values (17,'narrative text', 19);
insert into lom_predefined_value (id, value, lom_definition_id) values (18,'exam', 19);
insert into lom_predefined_value (id, value, lom_definition_id) values (19,'experiment', 19);
insert into lom_predefined_value (id, value, lom_definition_id) values (20,'problem statement', 19);
insert into lom_predefined_value (id, value, lom_definition_id) values (21,'self assessment', 19);
insert into lom_predefined_value (id, value, lom_definition_id) values (22,'lecture', 19);
insert into lom_predefined_value (id, value, lom_definition_id) values (23,'very low', 20);
insert into lom_predefined_value (id, value, lom_definition_id) values (24,'low', 20);
insert into lom_predefined_value (id, value, lom_definition_id) values (25,'medium', 20);
insert into lom_predefined_value (id, value, lom_definition_id) values (26,'high', 20);
insert into lom_predefined_value (id, value, lom_definition_id) values (27,'very high', 20);
insert into lom_predefined_value (id, value, lom_definition_id) values (28,'very low', 21);
insert into lom_predefined_value (id, value, lom_definition_id) values (29,'low', 21);
insert into lom_predefined_value (id, value, lom_definition_id) values (30,'medium', 21);
insert into lom_predefined_value (id, value, lom_definition_id) values (31,'high', 21);
insert into lom_predefined_value (id, value, lom_definition_id) values (32,'very high', 21);
insert into lom_predefined_value (id, value, lom_definition_id) values (33,'teacher', 22);
insert into lom_predefined_value (id, value, lom_definition_id) values (34,'author', 22);
insert into lom_predefined_value (id, value, lom_definition_id) values (35,'learner', 22);
insert into lom_predefined_value (id, value, lom_definition_id) values (36,'manager', 22);
insert into lom_predefined_value (id, value, lom_definition_id) values (37,'school', 23);
insert into lom_predefined_value (id, value, lom_definition_id) values (38,'higher education', 23);
insert into lom_predefined_value (id, value, lom_definition_id) values (39,'training', 23);
insert into lom_predefined_value (id, value, lom_definition_id) values (40,'other', 23);
insert into lom_predefined_value (id, value, lom_definition_id) values (41,'very easy', 25);
insert into lom_predefined_value (id, value, lom_definition_id) values (42,'easy', 25);
insert into lom_predefined_value (id, value, lom_definition_id) values (43,'medium', 25);
insert into lom_predefined_value (id, value, lom_definition_id) values (44,'difficult', 25);
insert into lom_predefined_value (id, value, lom_definition_id) values (45,'very difficult', 25);
insert into lom_predefined_value (id, value, lom_definition_id) values (46,'ispartof', 30);
insert into lom_predefined_value (id, value, lom_definition_id) values (47,'haspart', 30);
insert into lom_predefined_value (id, value, lom_definition_id) values (48,'isversionof', 30);
insert into lom_predefined_value (id, value, lom_definition_id) values (49,'hasversion', 30);
insert into lom_predefined_value (id, value, lom_definition_id) values (50,'isformatof', 30);
insert into lom_predefined_value (id, value, lom_definition_id) values (51,'ispartof', 30);
insert into lom_predefined_value (id, value, lom_definition_id) values (52,'hasformat', 30);
insert into lom_predefined_value (id, value, lom_definition_id) values (53,'references', 30);
insert into lom_predefined_value (id, value, lom_definition_id) values (54,'isreferencedby', 30);
insert into lom_predefined_value (id, value, lom_definition_id) values (55,'isbasedon', 30);
insert into lom_predefined_value (id, value, lom_definition_id) values (56,'isbasisfor', 30);
insert into lom_predefined_value (id, value, lom_definition_id) values (57,'requires', 30);
insert into lom_predefined_value (id, value, lom_definition_id) values (58,'isrequiredby', 30);

delete from ontology_metadata_predefined_value;
insert into ontology_metadata_predefined_value (id, value, ontology_metadata_definition_id) values (1,'Bulgarian', 4);
insert into ontology_metadata_predefined_value (id, value, ontology_metadata_definition_id) values (2,'English', 4);
insert into ontology_metadata_predefined_value (id, value, ontology_metadata_definition_id) values (3,'German', 4);
insert into ontology_metadata_predefined_value (id, value, ontology_metadata_definition_id) values (4,'French', 4);
insert into ontology_metadata_predefined_value (id, value, ontology_metadata_definition_id) values (5,'Draft', 6);
insert into ontology_metadata_predefined_value (id, value, ontology_metadata_definition_id) values (6,'Final', 6);
insert into ontology_metadata_predefined_value (id, value, ontology_metadata_definition_id) values (7,'Revised', 6);
insert into ontology_metadata_predefined_value (id, value, ontology_metadata_definition_id) values (8,'Unavailable', 6);
insert into ontology_metadata_predefined_value (id, value, ontology_metadata_definition_id) values (9,'Academic Free License', 11);
insert into ontology_metadata_predefined_value (id, value, ontology_metadata_definition_id) values (10,'Common Public License',11);
insert into ontology_metadata_predefined_value (id, value, ontology_metadata_definition_id) values (11,'Lesser General Public License', 11);
insert into ontology_metadata_predefined_value (id, value, ontology_metadata_definition_id) values (12,'Open Software License',11);
insert into ontology_metadata_predefined_value (id, value, ontology_metadata_definition_id) values (13,'Common Public License',11);
insert into ontology_metadata_predefined_value (id, value, ontology_metadata_definition_id) values (14,'General Public License', 11);
insert into ontology_metadata_predefined_value (id, value, ontology_metadata_definition_id) values (15,'Modified BSD License',11);
insert into ontology_metadata_predefined_value (id, value, ontology_metadata_definition_id) values (16,'IBM Public License',11);
insert into ontology_metadata_predefined_value (id, value, ontology_metadata_definition_id) values (17,'Apple Public Source License',11);
insert into ontology_metadata_predefined_value (id, value, ontology_metadata_definition_id) values (18,'INTEL Open Source License',11);
insert into ontology_metadata_predefined_value (id, value, ontology_metadata_definition_id) values (19,'Mozilla Public License ',11);
insert into ontology_metadata_predefined_value (id, value, ontology_metadata_definition_id) values (20,'Creative Commons Licenses',11);

-- instructors tool
delete from page_type;
insert into page_type (id, name) values (1, 'content');
insert into page_type (id, name) values (2, 'control point');

-- adaptive engine
delete from style;
insert into style (id, name) values (1, 'activist');
insert into style (id, name) values (2, 'reflector');
insert into style (id, name) values (3, 'theorist');